{"cameraMode":{"drawMode":0,"name":"Shaded","section":"Shading Mode"},"sceneLighting":true,"audioPlay":false,"sceneViewState":{"m_AlwaysRefresh":false,"showFog":false,"showSkybox":false,"showFlares":false,"showImageEffects":false,"showParticleSystems":false,"showVisualEffectGraphs":false,"m_FxEnabled":true},"in2DMode":false,"pivot":{"x":217.7056121826172,"y":104.06684112548828,"z":162.23703002929688},"rotation":{"x":-0.05278443917632103,"y":0.005589842796325684,"z":-0.00029531086329370737,"w":-0.9985926747322083},"size":259.2755126953125,"orthographic":false}